employee_id,first_name,second_name,last_name,position,hire_date,age
1,Павел,Некрасов,Егорович,Логист,2014-02-11,39
2,Сергей,Крюков,Ильич,Специалист по закупкам,2018-07-31,25
3,Иван,Исаев,Максимович,Маркетолог,2022-12-14,21
4,Роман,Уваров,Максимович,Маркетолог,1985-09-04,63
5,Алексей,Кондратьев,Ильич,Специалист по закупкам,2011-01-01,35
6,Матвей,Баранов,Арсениевич,Специалист по закупкам,2003-07-23,47
7,Александр,Антонов,Иванович,Сервисный инженер,2024-10-28,20
8,Матвей,Гущин,Александрович,Логист,2006-01-31,39
9,Роман,Матвеев,Петрович,Логист,2021-01-04,35
10,Александр,Андреев,Артемович,Складской работник,2022-09-30,21
11,Алексей,Бирюков,Денисович,Технический консультант,2002-09-03,43
12,Арсений,Пестов,Матвеевич,Специалист по закупкам,2016-09-01,38
13,Павел,Мишин,Максимович,Технический консультант,2008-04-29,58
14,Дмитрий,Громов,Арсениевич,Сервисный инженер,1998-03-10,46
15,Артем,Колесников,Денисович,Складской работник,2023-08-22,64
16,Арсений,Быков,Иванович,Специалист по закупкам,2020-09-04,24
17,Евгений,Никонов,Сергеевич,Сервисный инженер,2005-04-11,42
18,Илья,Сафонов,Петрович,Сервисный инженер,2014-08-08,33
19,Артем,Ширяев,Матвеевич,Складской работник,2018-01-18,30
20,Евгений,Большаков,Геннадьевич,Специалист по закупкам,1995-07-18,49
21,Александр,Устинов,Денисович,Специалист по закупкам,2010-11-18,47
22,Дмитрий,Максимов,Сергеевич,Складской работник,2012-05-30,36
23,Матвей,Капустин,Арсениевич,Складской работник,1998-06-27,48
24,Михаил,Ильин,Максимович,Сервисный инженер,2017-08-28,31
25,Сергей,Кириллов,Сергеевич,Сервисный инженер,2013-02-17,53
26,Сергей,Дорофеев,Сергеевич,Маркетолог,1989-10-20,58
27,Иван,Дорофеев,Артемович,Технический консультант,2014-10-24,37
28,Павел,Котов,Александрович,Маркетолог,2002-06-20,44
29,Максим,Горбачев,Геннадьевич,Сервисный инженер,2017-12-08,65
30,Даниил,Лобанов,Егорович,Складской работник,2019-11-06,42
31,Петр,Пономарев,Егорович,Маркетолог,1991-06-26,58
32,Артем,Романов,Геннадьевич,Маркетолог,2022-09-01,34
33,Евгений,Иванов,Романович,Маркетолог,2016-07-29,53
34,Артем,Сергеев,Александрович,Сервисный инженер,2025-05-05,18
35,Роман,Блохин,Артемович,Менеджер по продажам,2011-12-02,35
36,Егор,Федосеев,Александрович,Складской работник,2014-01-01,40
37,Дмитрий,Волков,Романович,Складской работник,2016-11-08,34
38,Александр,Алексеев,Александрович,Сервисный инженер,2002-12-15,45
39,Арсений,Цветков,Матвеевич,Сервисный инженер,2014-12-16,42
40,Александр,Ширяев,Петрович,Маркетолог,2021-11-22,29
41,Егор,Иванов,Артемович,Менеджер по продажам,2010-05-18,43
42,Евгений,Рожков,Егорович,Логист,2017-05-31,40
43,Петр,Тарасов,Арсениевич,Технический консультант,2024-05-22,28
44,Артем,Панов,Геннадьевич,Сервисный инженер,2024-12-18,40
45,Егор,Жуков,Евгениевич,Маркетолог,2013-09-21,32
46,Павел,Бирюков,Павелович,Сервисный инженер,1992-10-11,56
47,Арсений,Ильин,Матвеевич,Сервисный инженер,2011-06-26,59
48,Петр,Рогов,Даниилович,Менеджер по продажам,1995-11-04,54
49,Иван,Горшков,Алексеевич,Менеджер по продажам,1990-02-07,65
50,Андрей,Белов,Матвеевич,Складской работник,2022-01-22,23
51,Сергей,Симонов,Денисович,Технический консультант,2025-02-21,20
52,Арсений,Буров,Евгениевич,Складской работник,2020-01-03,32
53,Даниил,Васильев,Артемович,Логист,1998-07-24,65
54,Илья,Лаврентьев,Алексеевич,Специалист по закупкам,2010-05-01,36
55,Александр,Медведев,Даниилович,Специалист по закупкам,2020-12-13,30
56,Роман,Михайлов,Сергеевич,Логист,2002-01-11,43
57,Сергей,Логинов,Дмитриевич,Маркетолог,2019-03-03,34
58,Александр,Кириллов,Романович,Маркетолог,2021-11-05,55
59,Михаил,Зайцев,Даниилович,Технический консультант,2009-08-09,50
60,Максим,Денисов,Даниилович,Логист,2020-05-13,29
61,Сергей,Нестеров,Артемович,Логист,2023-12-30,21
62,Егор,Новиков,Егорович,Технический консультант,2007-07-11,49
63,Александр,Попов,Петрович,Маркетолог,2006-09-23,44
64,Дмитрий,Юдин,Геннадьевич,Менеджер по продажам,2015-10-20,49
65,Егор,Бобров,Ильич,Логист,2008-02-25,49
66,Александр,Шашков,Алексеевич,Маркетолог,2022-03-12,37
67,Александр,Мартынов,Петрович,Технический консультант,2023-12-14,51
68,Егор,Петухов,Павелович,Сервисный инженер,2018-03-08,34
69,Денис,Борисов,Артемович,Технический консультант,2009-08-26,51
70,Петр,Гордеев,Андреевич,Маркетолог,2006-07-24,42
71,Илья,Логинов,Даниилович,Технический консультант,2024-12-10,23
72,Дмитрий,Шестаков,Иванович,Маркетолог,2001-08-15,47
73,Арсений,Ершов,Арсениевич,Складской работник,2023-03-09,36
74,Петр,Веселов,Сергеевич,Менеджер по продажам,2007-06-12,47
75,Геннадий,Котов,Геннадьевич,Технический консультант,2013-06-18,64
76,Павел,Ковалев,Арсениевич,Логист,2021-07-07,25
77,Андрей,Нестеров,Артемович,Складской работник,2022-11-30,21
78,Александр,Гаврилов,Арсениевич,Менеджер по продажам,2013-06-07,47
79,Александр,Агафонов,Михаилович,Складской работник,2008-07-14,37
80,Артем,Игнатов,Артемович,Технический консультант,2012-05-31,31
81,Илья,Панов,Андреевич,Маркетолог,2024-09-07,31
82,Андрей,Самойлов,Михаилович,Логист,2017-05-08,58
83,Даниил,Бирюков,Дмитриевич,Специалист по закупкам,2013-12-07,63
84,Михаил,Щукин,Сергеевич,Сервисный инженер,2001-02-24,51
85,Сергей,Коновалов,Петрович,Сервисный инженер,2006-07-01,56
86,Артем,Григорьев,Денисович,Сервисный инженер,2023-03-27,22
87,Артем,Сафонов,Артемович,Складской работник,1994-07-21,52
88,Петр,Хохлов,Арсениевич,Сервисный инженер,2017-04-07,36
89,Андрей,Гришин,Денисович,Складской работник,1995-09-13,59
90,Сергей,Макаров,Ильич,Складской работник,2025-03-19,19
91,Павел,Морозов,Максимович,Маркетолог,2024-12-18,29
92,Максим,Федоров,Андреевич,Маркетолог,2022-05-07,23
93,Максим,Блохин,Артемович,Менеджер по продажам,2019-06-14,38
94,Петр,Ермаков,Михаилович,Маркетолог,2002-08-05,54
95,Петр,Денисов,Денисович,Логист,2000-04-27,59
96,Илья,Гуляев,Арсениевич,Специалист по закупкам,2021-03-19,44
97,Михаил,Анисимов,Денисович,Маркетолог,2025-01-06,19
98,Геннадий,Дроздов,Артемович,Менеджер по продажам,2019-11-28,27
99,Иван,Пономарев,Иванович,Складской работник,2024-08-28,19
100,Денис,Горбунов,Артемович,Сервисный инженер,2023-01-04,26
101,Илья,Власов,Андреевич,Специалист по закупкам,1988-02-04,62
102,Роман,Беспалов,Павелович,Сервисный инженер,2012-12-11,62
103,Илья,Федоров,Романович,Складской работник,2006-06-17,48
104,Иван,Наумов,Михаилович,Сервисный инженер,2023-08-02,52
105,Павел,Крюков,Алексеевич,Логист,2008-04-26,56
106,Дмитрий,Титов,Александрович,Складской работник,2012-01-04,52
107,Александр,Аксенов,Артемович,Логист,2022-03-04,27
108,Михаил,Михайлов,Арсениевич,Специалист по закупкам,2024-11-10,20
109,Матвей,Тетерин,Денисович,Специалист по закупкам,2021-08-31,24
110,Александр,Баранов,Матвеевич,Специалист по закупкам,2002-09-26,52
111,Александр,Мухин,Иванович,Сервисный инженер,1991-03-07,60
112,Геннадий,Осипов,Павелович,Сервисный инженер,2003-12-24,52
113,Павел,Макаров,Арсениевич,Складской работник,2025-01-31,21
114,Михаил,Шестаков,Даниилович,Менеджер по продажам,2025-05-02,18
115,Максим,Большаков,Алексеевич,Складской работник,2023-05-06,21
116,Дмитрий,Мухин,Петрович,Технический консультант,2014-06-22,36
117,Илья,Юдин,Артемович,Маркетолог,2022-05-20,35
118,Алексей,Соловьев,Евгениевич,Технический консультант,2025-05-06,28
119,Максим,Лаврентьев,Даниилович,Технический консультант,2012-12-06,50
120,Сергей,Шаров,Дмитриевич,Логист,2009-07-14,39
121,Александр,Комаров,Михаилович,Специалист по закупкам,2025-05-01,18
122,Геннадий,Новиков,Егорович,Складской работник,2015-09-09,40
123,Артем,Молчанов,Евгениевич,Маркетолог,2013-03-13,58
124,Иван,Терентьев,Матвеевич,Специалист по закупкам,2019-06-30,34
125,Даниил,Филиппов,Дмитриевич,Менеджер по продажам,2015-12-29,34
126,Артем,Гуляев,Егорович,Менеджер по продажам,1999-08-17,47
127,Илья,Агафонов,Геннадьевич,Логист,2024-07-12,20
128,Денис,Селиверстов,Арсениевич,Менеджер по продажам,1988-04-22,57
129,Иван,Беспалов,Сергеевич,Менеджер по продажам,2009-07-20,54
130,Роман,Яковлев,Романович,Складской работник,2023-08-20,45
131,Артем,Голубев,Матвеевич,Менеджер по продажам,2024-10-17,22
132,Илья,Константинов,Артемович,Технический консультант,2020-03-08,36
133,Андрей,Шубин,Сергеевич,Логист,2022-08-05,23
134,Михаил,Котов,Михаилович,Логист,2023-01-01,28
135,Александр,Михайлов,Денисович,Логист,2009-09-26,56
136,Егор,Кузнецов,Иванович,Логист,2017-10-27,26
137,Денис,Туров,Матвеевич,Менеджер по продажам,2009-03-04,64
138,Павел,Уваров,Сергеевич,Технический консультант,1991-07-13,65
139,Матвей,Фомин,Александрович,Менеджер по продажам,2022-06-21,40
140,Егор,Воробьев,Артемович,Менеджер по продажам,1998-08-09,58
141,Михаил,Попов,Иванович,Маркетолог,2021-04-10,27
142,Михаил,Ефремов,Сергеевич,Менеджер по продажам,2009-01-13,38
143,Максим,Тарасов,Евгениевич,Менеджер по продажам,1998-06-07,58
144,Арсений,Воронов,Иванович,Технический консультант,2012-01-17,42
145,Павел,Богданов,Иванович,Маркетолог,1997-06-28,58
146,Александр,Кошелев,Денисович,Складской работник,2021-08-05,25
147,Роман,Калинин,Иванович,Менеджер по продажам,2020-09-03,42
148,Денис,Нестеров,Ильич,Менеджер по продажам,2005-01-01,44
149,Сергей,Белоусов,Ильич,Технический консультант,1993-11-23,58
150,Матвей,Савин,Геннадьевич,Менеджер по продажам,2014-04-07,43
151,Максим,Ковалев,Матвеевич,Технический консультант,2002-05-19,59
152,Евгений,Логинов,Алексеевич,Логист,1991-10-17,58
153,Артем,Филиппов,Петрович,Логист,2022-12-06,44
154,Роман,Михеев,Арсениевич,Технический консультант,2014-07-12,41
155,Денис,Мясников,Сергеевич,Логист,2024-06-17,34
156,Максим,Потапов,Петрович,Логист,1994-01-17,56
157,Роман,Мартынов,Иванович,Логист,2017-03-13,39
158,Петр,Павлов,Даниилович,Менеджер по продажам,2021-06-09,52
159,Егор,Миронов,Артемович,Специалист по закупкам,2020-05-03,56
160,Сергей,Лобанов,Алексеевич,Менеджер по продажам,2023-11-16,30
161,Александр,Туров,Максимович,Складской работник,2009-12-08,41
162,Дмитрий,Копылов,Дмитриевич,Менеджер по продажам,2020-04-25,24
163,Павел,Журавлев,Егорович,Специалист по закупкам,2011-09-19,41
164,Арсений,Борисов,Иванович,Логист,1994-06-12,54
165,Александр,Антонов,Арсениевич,Специалист по закупкам,2021-06-16,22
166,Алексей,Дмитриев,Алексеевич,Менеджер по продажам,2000-05-27,54
167,Денис,Соловьев,Михаилович,Маркетолог,2008-04-09,41
168,Павел,Петров,Егорович,Сервисный инженер,2019-03-09,48
169,Александр,Фомин,Сергеевич,Логист,2012-10-30,38
170,Даниил,Федосеев,Романович,Маркетолог,2010-12-21,35
171,Алексей,Дмитриев,Алексеевич,Специалист по закупкам,1994-02-28,57
172,Андрей,Капустин,Артемович,Логист,2007-08-19,38
173,Сергей,Кошелев,Дмитриевич,Технический консультант,2024-07-01,21
174,Илья,Мамонтов,Арсениевич,Логист,2010-11-29,40
175,Арсений,Блинов,Дмитриевич,Менеджер по продажам,1992-08-26,62
176,Даниил,Орехов,Геннадьевич,Складской работник,2012-10-20,31
177,Артем,Гордеев,Алексеевич,Менеджер по продажам,2013-04-22,57
178,Алексей,Щукин,Алексеевич,Специалист по закупкам,2020-05-18,23
179,Сергей,Дементьев,Арсениевич,Специалист по закупкам,2018-07-28,27
180,Алексей,Князев,Максимович,Технический консультант,2022-11-14,24
181,Максим,Устинов,Ильич,Технический консультант,2016-04-15,28
182,Сергей,Устинов,Михаилович,Складской работник,2004-10-19,48
183,Арсений,Исаев,Алексеевич,Логист,2024-08-15,25
184,Сергей,Калашников,Сергеевич,Технический консультант,2021-02-21,55
185,Илья,Комаров,Андреевич,Менеджер по продажам,2020-04-10,31
186,Арсений,Богданов,Романович,Специалист по закупкам,2023-08-14,47
187,Денис,Самсонов,Ильич,Менеджер по продажам,1994-06-01,52
188,Максим,Самсонов,Петрович,Сервисный инженер,2013-08-18,53
189,Сергей,Артемьев,Даниилович,Специалист по закупкам,2020-09-21,24
190,Даниил,Марков,Романович,Маркетолог,2004-01-22,44
191,Максим,Муравьев,Павелович,Технический консультант,2021-10-01,32
192,Петр,Евдокимов,Геннадьевич,Складской работник,2025-02-08,43
193,Михаил,Ефремов,Ильич,Маркетолог,2024-07-19,44
194,Александр,Герасимов,Артемович,Специалист по закупкам,2023-12-07,27
195,Максим,Баранов,Максимович,Менеджер по продажам,2025-05-05,18
196,Михаил,Туров,Даниилович,Специалист по закупкам,2025-01-26,19
197,Геннадий,Белов,Егорович,Логист,2019-10-10,27
198,Петр,Беляков,Денисович,Специалист по закупкам,2001-05-31,42
199,Дмитрий,Морозов,Павелович,Складской работник,2005-07-08,43
200,Денис,Горшков,Егорович,Специалист по закупкам,2023-03-22,27
